assets/motivations/work1.jfif,work1
assets/motivations/work2.jfif,work2
assets/motivations/work3.jfif,work3
assets/motivations/work4.jfif,work4
assets/motivations/work5.jfif,work5
assets/motivations/work6.jfif,work6
assets/motivations/work7.jfif,work7
assets/motivations/work8.jfif,work8
assets/motivations/work9.jpg,work9
assets/motivations/work10.jpg,work10
assets/motivations/work11.jfif,work11
assets/motivations/rest1.jfif,rest1
assets/motivations/rest2.jfif,rest2
assets/motivations/rest3.jfif,rest3
assets/motivations/rest4.jfif,rest4
assets/motivations/rest5.jfif,rest5
assets/motivations/rest6.jfif,rest6
assets/motivations/rest7.jfif,rest7
assets/motivations/rest8.jfif,rest8
assets/motivations/rest9.jfif,rest9
assets/motivations/rest10.jfif,rest10
assets/motivations/rest11.jfif,rest11
